username,password,userType
Shermy,fH4&!tBSrGYYaqPI,1
Bettine,oY3@1_$8q?s6>0L,1
Turner,"cW7=P?6i)q,c=2TavLps4(z",2
Alon,gA0$GFkj7.'CI,1
Michal,nO2{BSUJhgv@Ac%b(m@<TV,2
Emanuele,"gZ8=aDP2CeC7N<sIuvaJmD""k",1
Ari,sP9|gxDR0@!HzJT,2
Nanon,"fI6~w'E,{32#gJm<eV",2
Ernest,gH0(%zkqA9/ak2jT>d0y,1
Aurelie,bZ1{Aw'6Kazx(nCmj&g)Z,2
Myrtie,jC3%J|H_(xxPOP1Yg,1
Erinna,xZ1~I9Rke\N}i,2
Erinn,"uC2,CMPlV&>/$a{AG",2
Quincey,"gX3`YPQ<=P@vi~,uM9md",2
Virginie,"lQ3>\YCgmre*?M'9""L_P\$m",1
Kiley,zT5.qBh&qGgqjA,1
Flory,mG3%YNwXlFwf<Bmm1SNRg9,2
Codee,"qH3&umTU0'$ej""|Y~B~7",2
Filbert,"dY2\(b),n#xjvv",1
Wilt,"uU0""+4n'D~3z/ZU.tJ*dFZ",1
Chicky,lO4+m?JKue9q.R`ZMGYM6$,1
Sibelle,"rE0&@&?,j(t2",1
Lucretia,qA5&QF%UfnHGch.gB1c!$O,2
Lezley,"yA0,_p8udXzt#aNVi!B",1
Demetrius,cS3{uGxh=%JqL+oMjIK}gR,1
Barby,vC1?vhBL=KT',1
Chastity,"eW8<woozmV""6T",2
Daile,nS9\\Al!7Nk@lNSh8w,1
Buffy,xM3$3.(L\@Y~6PX,1
Felizio,"eY3""UQJES6Qg/<_VQ7X}}",2
Joannes,pM5}VFJEdoHxfe/lRT5=d2,2
Zorine,jD3@SBJjFBj_S6via,2
Willi,"bB6""SK8yh~K\{!9c",1
Tonye,xA9/c{KyX'\O1=B0,1
Lotta,mN0>aMO4Y{!td#uHQ,2
Cyb,iQ4_<hJgfOhqTaG7uNgN\)U,1
Dare,"hR9`_""LHqNk*#?1DPA?y",2
Tomas,eY9`&{%USX8><{6h!K<SSv<,1
Marcie,"yS4*H|,TZ?xOGPcfR6b",1
Vanessa,nF8=(o(XuPbpv#!TUE,1
Emmi,cF0#xKA<2=~FZ.pl8{52,2
Kessia,"pR5,d2ejy/y~0",1
Mort,"eV9,pWurxp+lyoYsz!#mh1S",2
Ewart,xB1+zA1A<f<l+F`g$,2
Pete,"bJ7_>,K0)Wu?yxB>J)()",1
Dita,gQ0.XqG$\``\N3Ujr,2
Carney,jL0_+&%'R_FK(3fri{sz?,2
Bessy,oE3.gg_FE*@<FBU`{eJGk,2
Regine,"qU3+,r9AU7_9OS~D",2
Sibeal,xI5>whvL38D`sjx0PaV$6&l1,1
Trudy,xF8*C_#%E07\x8E+OyHZ9rE5,1
Kiah,lU2@SIMzU8sLQ\@oAR,2
Everard,aF9(iRI'TyzJk#W4dKds8m,2
Jedd,"iI5(#+CtwVVT@LM4u7\,|",2
Juli,tJ9/tZ`&'6Np>X+fK(fm,2
Gertrude,iG3?Aj9$_%GIQ,2
Domingo,dG0=LAI(K&74f9(pa6se,2
Matty,bN7#}Us!ZK2n,1
Brunhilda,jO4_fs#`~C7u{y0+'b,1
Esta,pO9)'xudde~e,2
Carmelita,lB7\o3aevALdp3@G\Iy8x5+,1
Pegeen,kA2.>@|+D)gW4}tb9k,1
Stormy,nR1.hZf5\b=N@,1
Frieda,eC4/Y42'gKC%O,1
Alyda,sR9|IRtByq&?u,2
Raimondo,kB7$xxA~2${Vg,2
Johann,qS1*_d3iE2%iN}y,1
Eve,fQ6/Z8Z=bo~{Cz%=?Rg',1
Harvey,"sS1?qu4""qpkW}~4gXh,#|l",1
Ezmeralda,rW5`YlXmtZ51d!GO4NK{.g,1
Brenna,eP7_&?|LKD+\N24}2,1
Jaquelyn,vV3<4/6~qIAym9Jld,1
Yul,"wJ8{G%@"")x4R",1
Marcello,"tX6<R'*RwpJ+Hr&S$(,C\",1
Manfred,dN1/qv5!i>4mMs,1
Eberto,"uI4?y_{iTjM},}mS6Di$G9$",2
Bettye,bL0*q$*`<&Vyh,1
Laurel,vN7'uUT((I%eLs,1
Ruthie,gD5@)*BN+LW{kMH8f,2
Josh,iS3'W?YHyM7{zYB(bXx6,1
Nicky,eZ4'RQ7SCQB<!E@,1
Andrea,bZ4}H*QrpPor<,2
Mikkel,hA8`md}ixe~2dV!,2
Scottie,lO8=r~{NXvw=#~Z=p}Bhd<,1
Marcela,"yV1`3$K""{z\c",1
Lucie,aB2|G{@hc{tQ5BV{#4dr,2
Tamiko,fK1_x!_3sV+#7BV!m,2
Emory,uY6~8}u<QjSF3,2
Nicolina,cK9(nuZad`#9wJThzvFq,2
Kayle,"kV8""Xc?1vw*ZTd",2
Rikki,iY4/90>nzq<|~(nh+7,2
Tessa,"wY6?QI~L"">l~#3H67ViB",1
Leigh,"sP6!A!!p4r""~",2
Agneta,hF6~7aDuK7exRgkpeNaKhm,1
Hamlin,iO0/+CPX%Ty(Z,2
Jannelle,bR1(Ueu5>M#UoK,1
Valerye,yK9<FN(*Wk4<@!uil#J?z@os,2
Morgan,hE4}|yH@}O5LN4SI$p>3,2
Melisenda,xT9(?`gePpGuGHA,2
Leyla,nI1(92F?8ACZZT,2
Janelle,"cD2"""".8Y'oep`vUkf8",2
Tatiana,"xR5,&)TgHU?)tS",1
Lincoln,cZ4?e2Oa/a3bWlr7AdIz,1
Kora,"qY8>w1.2f=6,y4w}}y",2
Adora,wU1%?24T_L6ibjR}Wl@/2.8h,2
Marvin,"oG3!.E&`,kppS/jQQe=+sL",2
Dorthea,hB7.e$U5svUt`U2x&9i)Py,2
Aubrette,fI2(%JwA7'U3,1
Franky,kF7\p3{hH9?guzi}m@7`k,1
Noreen,mG4/G)T>xMFMhh<&jLo,2
Torie,bI2}n}+4QnA#2$6Iif#u,2
Eugenia,yL2&|Y&NmmL_$msMs,2
Vincents,tD8.noXfLaRju,1
Dionis,"yT5,Bhp<>a?lD",1
Major,aF6!3h}EWV$yIlR|CN#e?L0},1
Libbi,cN3}FeD*/_Q|/Jl$#||Iy0y,2
Audrie,lX0)>MK3*P}$z/o&B>}QJ~Y,2
Shepard,eJ8!L=HRd_D&Rgy,1
Luz,"sN7&KO,ez).D_yo|3'\ERZO",1
Eartha,wU6#cb6xDN?ux&GGl`c,2
Petr,bQ8!.HjH<pPB`,1
Quinta,"lR3&>p@l""$4e9sqGrF_Z3n",1
Carine,"dV2?a""xJX|hvQ\OzNRO",1
Bill,tQ0`p)U7hiR1Jr,2
Alida,"sL8)_@,}""pXM*$!G",2
Deane,mV3.QR3P1ZujFb(e,2
Pooh,bY1/vahq%PbE!G!JleH,2
Anastasia,wD0><KiVxgJv=Hq,1
Leshia,tI6{95mLr7=E,1
Gabrielle,"cF6$""L>%jZjq4xK",1
Rebeka,sG3'C=a+FTnIj,2
Minny,hZ0=Ox}5|RxvR\=ib,2
Stacy,"oA4&eLF*A3)pe4P""Od",2
Cassie,"kU1""l\N_\=I3L7c&o'!$A",2
Helaine,"wH2#d`""W$ln{QGhr1J",2
Izak,"hJ4{{U,rB&p&fi%g",1
Odey,qN3~}jUK5%Dic{|7=CG,2
Giorgia,"oX7}E\,\\QY58l4)TKI4ky",2
Uriah,eH7~ad.|@Y&J,2
Karine,eT4}lca1NPD#fs#sC4DG,1
Kirsteni,zI7~r}<D6h2*w,2
Loren,zK1($%Lg>AG%pkGGOv,2
Skipp,lO4%k0X*~#ir}c!D2YxzOR,2
Arie,"oO8_VcR>""3YVzCTaBVc=L#",1
Filide,gQ9!VZ2{r*9#JMhG,1
Rodrigo,"aD6`,6|RRMb71k`?nj~",1
Cary,"lX0""h%JXRFXH.`V9ly|${P?",2
Yvette,pF0*_V5@5F'u(~B}EJ,2
Any,uS8!WNtbZQQRIKcO,1
Chadwick,"eS2,V}Iz%J!d?QU,96T)\",1
Emmery,"yJ9)!#(hOp?""@{P<",1
Nata,eM6!`qcF*JP{c=W,1
Angelina,iC8*<~nYO'ZyVP8tzn0?XW,2
Fabian,uS1&WT?erZkS/8XceBG#lIKC,2
Emmey,rN7|k}tRP}d9K~hRt'2UF/*S,1
Tannie,"eF7@AY66sTl!(58.<\z""'$d",2
Ruthi,"pE3*?Zg/3/kWnObAK,{Q2",2
Arleen,jJ1+<OB%q{aUm|V}QopA,1
Kara-lynn,dB9/Dr3QI8/$S+,2
Maude,qD2?&xMGS(eL,1
Dev,nW5\YKI?+4*9m3UIRq8Ks.\!,1
Aggi,dZ8*8I=IQ2=8tf!+)fc}iD,2
Dee dee,cW6{3zAsT9WFP+rn>Fi>m$m,1
Sly,aP9?Q?)>qMoJmG=,2
Vera,vK0{E>v(Atjf</iQHF!,2
Ruprecht,sF7$70xRVJ$uEY,2
Joann,rK2'`N'bGNU3oCCT!O'k,2
Chiquia,"wQ2$5%D*1Q$`'!2J""uwj<s{r",2
Pooh,oN9)z&%2ZY1xONU,2
Devonna,yY0!l4ODSHZ<bD{,2
Sharyl,"eJ5+"">46PJI*6h",2
Farrell,vG5|b(c9<U{GIpV|C3,1
Gerrie,xT3|*=bTpXypZPd#jw,2
Rois,mB7@raPz/1VI\r%q,1
Rochester,wV2&`@4BLqU%Z70rKpY,1
Sibylla,rA6\R6KG&W66DAmsfB,2
Lock,zM3%mGI/Z/c`mlro*cW*LcA,2
Virgil,"uH6<px!I(S8)sBmE""dqy8}Y",2
Shell,xY0*uqNzGcR=R,1
Julina,"rN1<b3C?U7ry}\CYf0""gI",1
Elane,wA2+Aw7gLQAX_1,1
Marga,gG8(xY`=m}AQ)vd,2
Sorcha,"gJ3{Fk,M""b&""}WJY#",2
Linet,vJ7)49vzCaEjC18p3+s,2
Haroun,uC8(xh*@e}}=}<ImNI5?{M,1
Galen,fY5~?4e.&N>bga$X`q,1
Susanne,qU3(i.}hP8IQxql)vV.5i,2
Wendi,jE4{8zaw?)|_iFmp?e|fvf,1
Hastings,pO7}u*|Z6TxGY6G<tZ}LZb,2
Beau,"bI2{L1%@qtc}G|Mw#w,O2",1
Hollyanne,zX0(6@DXe10q4E%?{,2
Buffy,dS5!F8hbr=.n}XX,2
Johnette,"cT3.g>IO91|XxR4I,&Z",1
Odella,"wH9(OO+H=F""zR",2
Jamey,tH8|+.fG*s5~znD,1
Lukas,cC0!zoJea2VRr)qobQFWpbO,1
Tami,nJ7`9)QJ=h\).z%8bo.d,1
Siegfried,"vS7<5Lh,8Zv/d'n",1
Dmitri,"bE3*5""FKoKRtD.V!FUQa",2
Rosanna,wE7<O7w$Y+2i`,1
Lenore,xY2/6K&</Uv+/6,2
Cazzie,"cS6%4TY%g""$MUI?UiV",2
Abramo,iO1\.UFD{ZL@L$\r!{FB,2
Brenden,lU7%.S@lGUjD2,2
Jorry,yC0+aonZs*>&L#$Q_a,1
Cati,iG6}YRx|u9P=h_#,2
Cecilla,"hS7'""`U56'3*.7`=#E@(gtv",1
Melody,pI1>iON%toTjadTR)H=TIG#H,1
Edwina,hC6`wk.Rt|42yi(,2
Rowland,"tJ8|'@6,p>C,XHjB",1
Lilyan,tZ2%7sDVVL+vq,1
Lily,gX8&O!#d#&9ZiwbKj$ot|E\5,1
Tad,wI0/9c\BqwhwbQH1f`,2
Theadora,wF2}7j7yjLG1p),2
Alan,"vG0'V_""i<7?Ofr\",1
Starlene,"eO0,TI@3I0rS</7DFep5",1
Jack,hN4/_>&Ij*KxkxY,2
Mart,"sY0""Jft/5\YN}=b*",1
Terrel,eQ1{T)xYOWyZjan&H(Z4+U,1
Pacorro,"uX5}4%@"")@jcV!",1
Mufi,oA7#vm87Jm?s+Uh,1
Jasmin,zO6>rR$=g6U4sI(,1
Forrest,"wX4}cM""Ilqi*",2
Eziechiele,wT7%qXx@pxUM+p7%w)#.MKn,2
Morissa,"jZ3""}g{9+i)AGC\C",2
Sly,tV0'!sygJ$t>=Sy*,1
Wang,"qF8~+,7)}Q6Dt0qEw",1
Rickie,bP9%)D)|PF~$*K'{*,2
Helge,vN6$#E>+aqn3bn8J9#5NLCv,2
Merci,"gJ2""WCE<wf.,3",1
Carl,wA1.g\EarI1=Yof_,2
Constance,"nB4}`F(C,J=OOjf_je""BYb}",1
Frieda,"iT3#xuCYz,lStr<+`Mf",2
Lammond,rG7_*(8G9k{<C|NW0,2
Mavra,kV3*~YQpcdmt#vgISAgJ,2
Emmaline,"dI9~{qy!tn5QyWY,8""R}fvqu",2
Caryn,"cL7&l,vUsC8ZQzV",2
Eden,qT9~T~&euDkX,1
Walker,bC3<+F<WUhd`g8@R1SoYm/D',2
Sadie,xF6~@_B8Bb$v!9qZE',1
Eolande,uG9?kx9lHU\alo0u6<,1
Jo,yP4}*Oe+I<BR6TD\Ri.Qf%,2
Sheena,fK1>kISgzzWfeJj|_o,1
Ninetta,"vQ1|,..dMn*jfWf|bQ(N.M9T",2
Seka,bZ4}35bgkt/u,1
Towny,"hH3#y$KcLvcU1,C)w",1
Kala,aU1#9A?W}qrFq},1
Alvina,eC2@XyFPG!XfYE$aOm`%W&5F,1
Baxy,pQ7|d<LRls/r,2
Virgie,gQ0`Sx6aHWD@8+.DOq95=v,2
Darby,hI0.NP6Br'`f3yP,1
Nessa,"cA6,*$}t8p3a4eI(yw5{|wH",1
Karola,"oS7""19R*rdoFWw9",1
Milka,xV3<oRY.bR>zCVz4S12,2
Cassie,qH8_0IhyQjcUWLntp\z`@,1
Bern,"vF1)u/adS9""HSn5__{_x9D",2
Tanny,"uX0""xbC#N'UO{2(N?",1
Ester,"vB9""qLKc7|l}\*AVMLbd",2
Kelila,"jW6{5=ei<QKr_+HdOWL""eAJ'",1
Siobhan,dZ8<+o?)F`X?djRn,1
Thomasina,"iI6?W3""O&n+F",2
Sallyann,hB1_o=E$Cr<d$tk=Be!,1
Iseabal,bC2?ek\Gqr_6ZN`m3y,1
Derwin,jB0?\AWE\U=N,1
Katine,lV3{vL'M>rZ4j,1
Kial,"iF3|y_{""6}nv",1
Gannon,nI5>eCE5CvCJwa{,2
Valeda,"lA5""XP$l9OCP<@H",1
Delia,"bI7=&6dNT!""R4?Ny/bmUBj{U",1
Charlot,cR2'&QSY)YpgW,1
Ericka,"kE0)@B$~wcgHW3HS8SU9g,",2
Rowen,"sN9#yhiF=$s2s""7",2
Ealasaid,"oR1&q{CyLof$b/UHJ/,CG%x",2
Jami,"wY6""g4UaD.}8p3Rtn<*rPBGT",2
Moira,rM3>NHLiy/#lh6dx,1
Des,wX3+Z10i{Nw'p.9C4`#U,1
Padraig,aY6`Vh.QV40EQeh_s66Q0I)6,1
Vania,oH0=hweKv*4`OqcHj}|M8q,2
Paloma,rV8&)W(E~an%#xvem'x_Wb,2
Ruben,"wW2*){,o'|a9`=Ith/)?P",2
Ode,xM5#Qq*amZgJ_>a,1
Randolf,dY9{We975cg@Zn2kX,1
Alexina,vW8$_(P|_*{lua&Lr9r{is,2
Arel,oH2=`w3WCy2z)gI4fL,2
Arthur,"iV9*Iz.VXa2B2YPIw,",1
Celestyn,gD0|9Fh$7NoR<,2
Celene,tH4(8pJ>SPcELF71'>,1
Melisandra,vT9{S6tmIWVX*O),1
Rudd,"sM9#67`s||8&@,DljAn/\",1
Clevie,"mC7\TNa`w0AT""$#p|u?",2
Honoria,cE7&VDV%'.j#d9,2
Byran,pB3<fd/iTO}0t@pfAWFCB+,2
Honor,fT4+GNk~}PM?Sze+Bs*brxSd,2
Lara,lD3%sry~?H1a0(FI?o%&,1
Allegra,tQ1`U3{.rJA@D>vm@OF,2
Leif,zV2_z2D!Lz%a71yj`*D$<,2
Corabel,"jH0!xy+p*'l""B",2
Stacee,"zS0(""~l<?h1)",2
Isacco,eH3(zYz32N'SckS,1
Eduard,pA7+\fPvuUG}B,2
Binni,vH5.C4NS46H',1
Oralle,wN4$nS}y$r%x=.,2
Ev,zI5>U4}aU$t7&G_Yi#m,1
Brianna,"pK0,ntO~j$1\\A)`!3!g",2
Marley,oO2\UPV0g(IVJ1mr,2
Francesca,"wM1'qlP""j<,9cc6LQ",2
Agna,"kT4>O'H0+u*Z0?1""iDKB",1
Lucinda,eK1.._#Q@AFk=Yngq)\,1
Stan,xM1#Az7G(q@nur.l8Y4,2
Isabella,yQ0.icaqWm#=JmuWS\5d,2
Thaddeus,"bT4#h8Gm2CCI1u3ib5cPT,",2
Amos,wC9/{aoit3~9X74d',2
Sammy,yK9@gh=<e*%wjG+!Vm%XNh@,1
Alyse,dT8/lovY))MIpg?29n(I@09,2
Mufinella,yM7@808)Zi@x6FQ8.{A\5KRG,2
Goldarina,"kY0)#gc`bW%2,$muf)Hr",1
Jerrie,"dU2'/PmFY&`A8{F)X_V""g_",2
Carlene,"mD8..FJd<PnO}z,#dc(Thub`",1
Ania,"zK0""JQ#Bar.Y*fM",2
Aline,xN3+vuLHu7XR26IFHNBb3,2
Filberto,"sR8@Ig/""K_2BtN,dw""I5!?S",1
Tessi,oC9}yRAD}_4r\,2
Jabez,iX1<wGNx=%&Bu#u416,2
Egon,"wX2""u>`qhQkrZudv_+,y",1
Doug,oE3!4*gVsG}$S`4D9Wm)M,1
Wilt,hA8(W3L'YLPMS@=&g`S,1
Putnam,bC0\F%}y$bo5T9,2
Danna,cJ9'_n/{wX8em+rZ}0p.`4,1
Barnett,uZ2&8+G2hT)s%,2
Dasya,mW2/b2>>|ZPpw2,1
Romain,"kC3\>nn,TK{muK|~\X+,\.L",2
Jami,"oG0_Zc?OyFY""7E0VW",2
Faith,"wA7!TGxE""Q9n",1
Gayelord,qB6{Sm)g(m`ZR0Kf@My,2
Lavena,hM6/JM21CaSkcrC+~*E8{,1
Rosa,fD1*u=QJ\e>3H_'Z<)Y!vv1,2
Lira,aZ6.jMY{'=WBRgRwZ4)\Sl,1
Harley,vN1%#g<eM<1&qg\r>,1
Christopher,nY5'?2S(2W`76$cBh7,1
Bartholomew,kS1@0*_t<0w'%'6g_,1
Prentice,"lW9""uO>Av@(_xwPdW~=,9<",2
Sherlock,eV4@~.|zOmR9__yg,2
Marga,hD3{sl*/h{G(,1
Harmony,mU4}@PnKK}rM{MJ9fuF4,2
Verla,sZ7<8fUZsjr2|'BdQPp7,2
Brewer,yS7<D@7Z|kCr5RUTqNf,2
Mandel,aN1}Y+Bpj/.E|,1
Town,qG1*Rwkw3(H8,1
Annmarie,aJ0!`n8#xx}91R1a,2
Birdie,nV9+To=dFZWJT}H3,2
Sherwin,kM5!TxM7JxZ>V,1
Haskel,"dN6,VjaT5r,W%sang?i~K4>P",1
Pris,"eQ6_|,36V""Df",1
Baron,rI4?*?4+_y~c,2
Ban,aL2`/'X3j@te3iGAk8V,2
Saleem,sQ3<HS_2|{bSd%Nag,1
Angelia,"qK9&_5jFJPi(e""L*",1
Aubrie,rZ4*(3.H*VrXI3(V`)G,1
Jaclyn,qS8/*Dg|7nEM?t,1
Farrah,dW7`Ls2e5qs</TID?~Z$E,1
Fara,wZ1$lM|x\)WoH,1
Minny,"sY8_?#F1ycMc#$N,2",2
Jacquenetta,dR4?si5_slj4wm+,2
Leticia,"hO5%,>h_r)5VzJ",2
Anatole,"cU6`N=RQCyn,+{",2
Rebbecca,"cZ7)0\CwNqq,E{",2
Cayla,sJ1))7jyz`n.ApFD<B,2
Augy,"aM7,4OST10Ax0Tjz4",2
Odie,"rX9""_v""RC>uNjh4",2
Curr,oL9*+Hx>)8yU}?#e,2
Marquita,"pE9,yBe?Vh%)I4AWP\Z",1
Jaimie,"hY5<ZWZdguL|f},b+/a&U",2
Christy,"hQ1,Rh)*)heA2|",1
Kristin,eB7*ew4{o9B''*,2
Sibby,"eB5!K~c!ZVGZi,5TyIYB2k",1
Pincas,kT5@ZX#>P{`cNkK0!,1
Melony,cC8)_'x*M_P@W5!,2
Milena,tV0@Y)O\gi&S69=V+m7}C_,2
Geoffry,"vS6{$,XSKbV*}e.ZO$+P8""",2
Christoph,rF5*\.myVue9,1
Dottie,fK8(#Z2|a$hb0qxk$rEcdYX.,1
Nils,wI7}U3M4iLD_jh,2
Brit,"lF1,WyHb>NxKwVM",2
Baxie,nQ1|(pY$B34'?`(ya,1
Phaidra,bN4!i=<sBzFL<LA}BMS6_9s(,1
Harcourt,xU4/Qj)K#%CA=W=,2
Gun,wF3(!Jar35ug9,1
Bernetta,"tT9.vV(o(+XG,!$7I&",1
Conny,wS6.Xfy6$V9c?pu}urir6SB,2
Goldia,"jI9~eSGdD3g8j/z%""M#{w",2
Thorn,"gD0$h4EH\L`x=f+Nh>/vIp""",2
Marlowe,uB4~D}2YB&ewfB5)i%8Lq,2
Sheridan,pW7{R.K3}4yv1teRY8Y3w4rl,2
Sheridan,rN5?kGg_`4Kwe)C?RC**`J=),2
Pattin,iR9$mL!/TiYU?Z,2
Marjy,wE5_.GgGDJ1y$1#,1
Gilberta,wA5#0}sf7VcR.If~b,1
Brianna,xB1||tY<tfb?9of,1
Iolande,nY2!JIwoFaX\l(4%8,1
Byram,"aF0&XtGsk3Ku6KQH,e",1
Bob,xH8|WyrJi/YU@=wd,1
Harry,"bH5|,BvD1ev%t\TOpjHh_)",2
Leicester,"vT1!JJ6""ZH23E1L?)}ySI",2
Brande,"aC3)JT""X+S6}mC06c2YDw",1
Jacquelyn,tK9`3M(Rfi?Dzfdst<4EV,1
Douglass,"zG7,q|w5Ep`WeOa,",2
Blakelee,eE5@jm(FD@fbV6#/<h#v,2
Arturo,"bR0,j1MQQ)L@?",2
Merridie,fI4.IZEA8#\qyKVB,1
Diena,bP4'SHGd=#NLRvZ8X\cZj*,1
Carree,zN5@Yu{A6Q>_)mTpTj4j!L,2
Merline,"yY6\xBsiT,.=",1
Ealasaid,wP7|3OgHUQ8L/M,1
Biddy,lB0%@2x&Vei#Vk,1
Shayla,"nK7{YiBDZ{?Hp9`C,fMuU%~r",2
Tabatha,fU1{aU4.(NxK!iD/B||A,1
Arman,zN8+d#*<<CF<H)'}*v6,2
Katrinka,eL2`HEr`~&#M5_z}RQ'D,1
Allayne,"jQ8=~SR_h_+Ph46I,zGU",2
Kaleena,bV3}6ug/J+%}zc)lwVg7MnO,1
Trude,gN0>YG7ohKGOfe.Wff_fD*_V,2
Judith,oJ6+6|?D>RH\F,2
Belle,mQ5\dJC>OGJzy+hn/npM,2
Cord,tR4/HXsE{7TZS5%9PzY8M\,1
Hugh,lW2=}BJ1#O_(g~F2S4,1
Bernita,"xW1\xh/R,LRw$",1
Nikos,lS2@|VlqKA|6IcOLFBm,2
Ricki,eH6&Eh~34e3W\9O8~>N#9,2
Braden,"uW5,0&bDP~+#7`G${nn`d0!",1
Oliviero,"zW6_TE""JrSh>2`N3?lEsA,ex",2
Franky,iV0_WaT.K*0cWjZ(fD,2
Beck,cD0/d8QC<5\$kt=7k,1
Ivy,"pJ0!2{So9x""D\yz,{=EGSHR",2
Elisabetta,"cD1<*Cnxl=|*4%lda""1Q",2
Verne,"uN7\d|eS0y,s_PGxTv<~nB",1
Fraze,lU1)p{#'Q/0*<J5B*}6,1
Hamlen,uC6`z|kB<\kt,2
Annnora,rA5'2oT!4o>\46UyJbk,2
Chantalle,uA5@\ZgZ=g}2dL8UPc9,1
Melisandra,"mU8~,=Y84\EF(?v#<op#$Qm",1
Neill,vD7#38#dM{kw4c,1
Kiah,hL8'AEZIb*LQX{,2
Edwin,"gQ9%4.""&=x%*eB0a{WBiOe`d",2
Rosa,aN1&J6%lysBZyqVdsj,1
Rosy,oV5=j8JLWlc7Og18}%.Tl1l,2
Prisca,"nM2'S""rD208V",1
Win,dZ4~W8oT9e&wcCc76dN.{b,2
Teodora,"fW0!""4m%s&r9=9dm$?u",2
Monti,xY0*n\%l'h<s2k,1
Zarah,sS2#02wj8>ozn/u,2
Hillyer,"aO1)(ZR""%Vq""{fwL_US2Z",2
Corabel,"jC5*Oa_q6#7#'""6A=>F2YU",2
My,rG4}jt'('4YXMmm3_e+,2
Shena,tE5<ii'is`5e'xpu}<i,2
Natalee,qF2`$?i20q9z+H(RBWakM(B,2
Shannah,xH2}A\8!r/jQ~\%E,1
Gabriel,oQ5|HL<YVQ3&I5@?PkJ4,1
Symon,"eT8?""F3""+~Xy""40%\",2
Bernice,"wN9~PhwR`X>V$%|}l6'""{Wk5",2
Roseline,wC8)_EFq&B'2n~JMN=M,2
Pen,uF7+PFl%c#.`L8R`1Hf),2
Desiree,gZ7@d/zUq}&/,1
Urbano,wF8(&%4LYY@C$rIbPuu,1
Junia,fV0{%1siae~NVzqeAvAp*hQ,2
Stevie,yH0*3mbz4Q@%{Dn2A\tRl,2
Kathe,"aB2`Z@jv@Ih3FFs""yKZsA}",2
Carree,"jK7>7KA""F>9i|sbN.O#tG~x'",1
Krispin,"yI9<*""n90LZ@=5(kcvFlZC",1
Jo-ann,"hQ8@7"".7atBL.mUvUL*4P",1
Patrizio,eQ6\u71OWxZ+K?T'Eu,1
Ly,kA6~_SE@2Hx8,2
Blondell,aJ2>MNKM~G0PcLRU'n_z,1
Rachel,vH6+X60yev_NSr2mmX,2
Nita,tM9$5FC.j'?Uos+d_%N,1
Vicki,kR5<9$Uhn!z%,1
Gwendolin,oF6#v9V/NwwKA'zu\RH3G,1
Tybi,"dS2?UWk,pMBMsAc<p}fpsZ",1
Bronson,xU2#t?pjEqS<j<l$,2
Byrle,jZ9%H8u=0S$(!~#,1
Wat,zG6%!>gPFZy#k9Z,2
Jaquenette,"cE8""Kor\?vYJM",1
Page,"uG9""4P""\bfzS_V/N+",2
Alphonso,"xG4""pRCC<.IMB""",2
Wesley,cV8?1S007icP6fzx`J<D~R1U,1
Greer,fA4+WNax}M{O=,1
Mae,zZ4#`!H7{@`ZLkcl{@.8Oe,1
Inesita,"nI4!,)lr?B{~R0",2
Hadley,vT1+)6$UurOY'\H_18nOEL,1
Lyndell,"cM5,K_5R5'FI",1
Sayers,pC9<c.u$aZf*v?yg@,1
Erny,"jF4`P0.HY""+{5Wj",2
Alyson,"tY7+1?`Sd""338>.DwsC|A759",2
Malia,kW6%4xNan0Sfu,1
Hank,fE4>k94)E#6h$1y8W/zO5N,1
Winifield,"bN4<|X,pvxVdGV<ly|6X&.ne",2
Holli,"jY1$=c6_~_Iz~A+y""b!I""f|",2
Craggie,oS9%M5d$DgC3T1Uv,2
Oran,yV2@xhT'i\faS,1
Sioux,"bK7_#h,`|vkIO\c",2
Nerty,"bO8`)k*(""y342,J_w",2
Genevieve,"sH0@rBw$RLe#!w8nswE,(Q2A",1
Sullivan,rL6_B&9*px`zvI{r=2H~OY0,1
Knox,"lN9,a'""Xr~I?t{3?&4qisU2x",1
Corrinne,nS4/DD@ou5Y=o.>nLvx?6%,1
Teri,bO8|*Fb*=fNZ|9hy,2
Jonie,"iM0=i/oy,#VV/",1
Tremayne,gC0|MIKkJGXq<6h,1
Bret,"oR0""_},OOd9XvG57",1
Leighton,"kD0/}\ACwu|,3",1
Berky,eM7%(?t1?F%N,2
Harald,dO1(n$y>8mu`nh.,2
Brigham,"pG9>A1F,g`W#(N)(!qC",2
Beverie,fL2#LX7lquu@v73Rg5C|yYiR,1
Tani,"aJ8}b3wdcv3""if%!RQFv",2
Darill,"uF2!Z,U?~t\l2`8?5htlq",2
Trista,iJ7$4AgdExT$,1
Lothario,zT5_7dgwoN!J,2
Tresa,rC1#t'P&9FomZ,2
Moe,hE9}|5<!`/K!s{(S6K)vW+M~,1
Francoise,"yD2{tN""ZZxt/FQ?xuMzm""b>",1
Sheilah,vQ0(063#sktE#bfLo0uv,1
Shea,"uT3!sA#{`d!k${oe""A",1
Regan,"qG9_dKqu_uY',N",1
Issi,kN5_D.dm)w@7)U4N$V,1
Ginelle,fI1{q4/P\5Qg3XmApgj\Qu,1
Willi,mM2=K_l.ZXfa,2
Bernie,"fD6!<(2I)PV'""jH#cu90\IC",2
Rufus,aK3(qHoWgchtop`B,1
Chad,lY2\i7(Fi{fjG0ZR=Jn+,1
Audy,"yX6$ifQ?W(""TaO%CiNyl",2
Krystal,"qP0`PG',2<PM?!|",2
Ricardo,bM4*`s8Lh$Px,2
Steffi,gP1_g&27%Wjf_,1
Wynnie,fO8_e)sVCtOVt7,2
Laurice,iM9*o%3fbqq7,2
Delcine,pN3.&df>TtoQ2Ct+0Nx)>i(4,1
Tait,nM6)&{<(Jvkj,1
Eva,fQ4\_8C!.7}M.~DsX`d_hsYn,1
Flory,pK5@V#>r'|*e.phFpBDfG&,1
Willy,rN5(OG6W9GjS~Qn,2
Wilhelmina,"uE1&EI{}P,VGB=",1
Lorene,bO0_ou\SFi!C&4FTr,1
Nicoli,pB9@KmV5hG9h#KlP,1
Gordan,yT7.Y=uzl~IDwy_kMBTjiA,2
Doloritas,vO3\{a#3|\}{,1
Jaime,tC3)c@Inr%{vv&kMo,1
Opalina,sR1`*_$ON!&/),2
Lonna,"oF7'`0,7~s(Q",2
Monah,"xT5,+c%W#3oIaq",1
Adah,"eL0%7wJ*\GI,3",1
Phil,dF0*={lfdfwuFt`E0fRYg,2
Lilli,kH7+I?MU9lflx*>9\91CziJ(,1
Gil,uT3=R9k#%>A{lh\Cy5,2
Roth,xC6`?+7hBvG_83m\}ld)nwA=,2
Brunhilda,"pN4,hy/F|5ufT'Euu",2
Mandie,"nW9%bNX1NQ@,",2
Jeannette,lZ6{t}b1U?e6upZ/OI&)_q#,2
Shanan,"yD3+wkwGOtYoU""X",1
Tanny,dX5=}v8?D$Zrt!#0=8J?QVOZ,1
Nonnah,zU7*V=+C.NcLF%Yvw~T7a,2
Cyrillus,eE8{4x?0mV67b<h9LExndd,2
Ambrosio,lX9*it\&M+8NzLztt_XgM+,1
Erin,kN1+zDkvwL46,1
Mahalia,"bU6{zT(H`,hh.Sa\kM53p3om",1
Doralyn,dA3(#xrI0ZFM!,1
Mikael,"iY5*r&R2Bf`C)#.""\Tf",1
Marga,lN5}{5i*hX=$4DsY%!g|p,1
Velma,"bI4,Qo{!Zu}zLDBv<HR",2
Claudetta,"tQ7=d.""`t>SwA`D!",1
Burr,"eY8$/Q""2(VD<W*w",1
Shelagh,nF9}#zrw7vGEj,1
Pippo,"bU8.c,h$J)KcDD\Z",1
Sybyl,iQ5}*?CgN2(}r+q,1
Hollis,"nN5?gYHIUtj""",1
Chancey,"jE1=F,6Ni8bkjc{l""$?cr",2
Marcia,iI1$av8q#k*.`r6QS*tyQ,1
Redford,iL2~FN<)'vvWqf,2
Kiley,"qK2&k1\qmY2,*=T0",1
Hayley,kX4<#J#=Q9<C|V3gn/O*RS,2
Shadow,"qU9>""(96*_)a(ZA($M0U*ER",1
Melodee,lA6_%kZmUlIfZ8~F,1
Lonee,"gF8,Q~P""g?~3B=KdB+gXq<3{",2
Aaron,sP1%E|f@Y`H0Z~Kv'us/!5_,2
Madalyn,iQ7)iet}u+Ob,1
Desirae,mR9.SK=ePXUFHOx7Sb&SA6,1
Inga,"vK7,*q~vSDl5PGrW&=",1
Adina,"bM8~y""Hv,""zaT5%.zDI_2pz",2
Elena,iB6}b2m+9!7iU_a91jL|r1T\,2
Sergio,oG3_%o%+V<yUn{Q*(c}gGq}!,2
Anstice,"hM9/s+($fxlq\&hEzYKg,",1
Perceval,"hB3+8"",,7H5ypU&x.v""H&""u",2
Penrod,mK2(fQd!x3&u,2
Antoinette,"bB1}rO38'tf+8""O#_,!ErJbN",1
Pace,"jQ7|iNc0_d,BM#qwWI!nsH!?",2
Nero,fZ4/woW12Erow)r!,1
Tanner,sZ3{>}=E<P2q*JT|mL`,1
Ora,gB1+A6J/7iEpcmR!0&NxR,2
Giustino,"lI1_&L*_?2,l%$#I|G+",1
Cornela,hM3?(69$~nJ)$|9Ar>n@,1
Mattheus,"sM7/b`a|PjpTv8_""`gUQ6",2
Deirdre,uW6)#2+6%WG`nQ,1
Abner,"lR8!t3Lc.Tj{\({,Q",1
Franky,"kH3#7`c1f%xFjt6.,xM~",1
Chrotoem,wC1$\Cot<C%uPFpQ8nO#K,1
Blane,tX9@9}+(@jcn69,1
Marsha,dX4\dKBs<Y~>\9B%JF,1
Bobbette,lL5`Th~s/IoUd7`G(7L}PBG,2
Reeta,iB7+xfTo!(=Ri{QYRZ9,1
Umeko,"dW5!""Y{OB&*)1DuC#Ov_C)mr",2
Carmel,dC4.!RDlF&\ET%ezAx,2
Isidor,"bR9,'ow*?%5Z'D52thupYXUI",2
Sindee,hP0/DetJh\q.}PBM,2
Annemarie,"yX8(P#g(I""G~%J$M$A",1
Tyson,"iL4,fWzf_Wh""oD",2
Aurelia,"oL2#SVlNFQ,P#JS4TFQ6!",1
Ezra,aD2>VH){M(q~T6mN,2
Enriqueta,"vS1}=""6QSQ*!/m#51G$cME",2
Barbara,zI9+3Bv.NocU'{5kNuI}$HH&,1
Thacher,oL1}EP!6T\D*RMUrxm%)P,1
Michelle,oG1!>t$lO}qTHCx@sL$5ha,2
Ina,uI0'LC0TKI8TqE2sWx,2
Prissie,kX2+dh3Rk0%wUgqipnCuJ7wx,2
Phip,hV8=y7yoF}{1|%eZvK4*(dF3,2
Cherida,"tR8<81UACv)Mpd,JZs&4Z\E",2
Katrine,jZ9{UAm1QE>H4hax8jRhvR,1
Elyn,"oE4!RQ+WC}ru,",1
Ethelda,nM5%$gu~hU%H,2
Richart,lM3/c)Wd\P>q2}B.+1zR,2
Reagen,"zD5\Y""r$hr_)&f",2
Brittni,mJ0'#%Lh8b\W6#~xk,2
Waldon,jM3<z_RUHi5z_5wbEQ#,1
Arabel,uE1%|INt{75`,1
Esma,gE3>%ExN1W2j%>T65VqS,1
Joanna,rA8\4O9$Wb6Yu_BK,1
Rosemarie,yR1!&(}W#C{xe%Y3J{,1
Lacie,"nV7*Do'1JOFRj+$t""7~p!r",2
Doralia,"dR8""HG#IIX#/Ko",2
Jaquelin,xH4=}tCF53`O'2q#n7I<vg,1
Leonelle,wP4`cCmx_Ju>Ro&~poiYs,2
Izzy,oV0|zB|Gjt>1,2
Orion,"dN5*&<$W8""s{,~FV7v7PsIq",1
Amberly,qR6.3xVR9wwcViVjRN,1
Bayard,"aI8$mhNON|q3OabDzj9~,8oD",2
Caprice,dA3+KVPA1}VCX\{,2
Nerte,"sJ5{(4G'D{066cV#""nF$!}",2
Philip,"vA0,z(1VQ)AI)}""}",2
Adriane,qN9=vE<}i/4suG(,1
Ivar,vC4_kmiXPBHdH.p_T15Sm,2
Kelsey,"aL8,hg~P}uZEe5.",2
Wolfgang,vT4@oV_l%qG>F_EjzU=,2
Taffy,vS2@S~}pYLSfFcfUB~C!7zk,2
Leonore,"bD5""S1YQ<es""JTV",1
Conney,pU4!h8+?mRzC?L/nVDM,2
Kory,zM1`YYo2VQ}f*UU1=!,1
Daryl,"rU8|p~aMKv?6i""eY!3s#",2
Barthel,"vV1,<QX1'&J(9Mtvdne",1
Zarla,"dL1~UoMy%D""Wc!/5",1
Morie,"iJ3{*""B>\~H#H""Z",2
Bogey,fA0>|u4n+T{JN8luy,1
Kary,cK7/qaD<hd$iG,2
Ursala,rU7!<lc/i`WaFiy5C,1
Tallou,"hS1\ouAlt+|`kye`\Zfq5F""|",1
Frederik,"rG9!CPX,NaziN",1
Kristine,"tM1\"")}5`8{kzh",1
Charlton,"kY7<WnVJ0f14m}G""",2
Marco,aJ3\Q@mC/(3Ju{=&5zb%N%6,2
Chauncey,nH5{fNSh$<wHr1&T,1
Ame,"uM0#%,LN$&,K",2
Lucas,gJ0>Y~@z@`k\4Vn$,1
Brandyn,"eN2.n\`I{f~,3!|\>(,~xX",1
Augusto,cW3*Xg3*Ua?53gF.,1
Amaleta,iN4~><LLt||hh,1
Debby,hK7<Mg8rdzEtrP+)Vvy7bP2,1
Hugibert,"sY7}5Tn""!/$W+6Wde",2
Clyve,lQ2@x!R'`=q89oQZ,1
Wileen,uH1%k=$y/6nwoQ,2
James,yP5&XiXRv.5X/,2
Dinah,eR1?t\fv|_io?!?Klgz,2
Florence,eS7}X'hG7*sDx9iy,2
Fedora,mZ5\nZ*o3TEm4LNU(A7<9,1
Hilarius,"dG0~T>Po@|z""/",2
Tammy,"dM4|aDU'/cAI""i~&`h+Gy`v",1
Darcy,"nL7$91YG{URh,l~P4OUWi`",1
Ernie,rR2\HuHxEOy)Hc5,2
Clarance,"vK8""Z'i'Z7<>Xv})M*vS4'z",1
Wallie,"yN4`+1hlC6My,_",2
Juan,tG3>@G8V|AhpOz#,1
Dulcy,"sJ3\gZH&,!*nr$cF$wDVyAA",2
Phaidra,"zQ3~=@Q/Av""3eo",1
Chadd,gP3%p+U|*8FVALd8&6{,2
Lorri,wZ1$wdA@7Y*${Ts%7TZN.A,2
Rhianon,"gP4,gAo""ch=Jm",2
Lee,uI1~(mn4CD4fq|f_0,2
Maris,"lB9`_$P>F88<',.H(Gi",2
Howard,tL6/\V*Q8Od@1h!uNiZo>,1
Esta,rA7`4<lO%6hGvn,1
Lavinia,yO0.N0NZ|&S2vD,1
Durante,fB2+/KVcw+$Cl,2
Ric,cU6?$m67dpeT9\5UC,2
Mariejeanne,"jX3/$/)4~Ul@U,'""gjQw",2
Cherrita,"yA1!D{<)(,sLe6#",1
Livvy,"hT1""3tLK@qPo",1
Juliann,aK0/N1%sVu2T!I,2
Herc,"nS2(qs|ko""M8yF",1
Amity,"tW6.m""/,3rTI/XKPW",2
Rosemarie,vS6~}i(G{H6vaE1>y5=(,2
Jemmy,nX0<9'lP}Lm(XF,1
Libby,"qP4|3P2nvH""0F5",2
Aeriel,cW6_\_~|FbuXr~aCng,1
Remington,yL7@~nRG`@put,1
Ethelred,bI1+qHbj''aqc,1
Kittie,vA1~*i?Na{c3XSRb$((n$oO,2
Blayne,"aJ9,JdrqbS/#@amNmW'/3",1
Ado,rY5%A5\BT'mWj_M6Sj%,1
Merrel,"iH1.*w+QO.zI,|g!%|s#zUo/",2
Crissie,uM0\8l2Qzk\&@N\,2
Titus,aC1_8`HD?V&TpC>Yz$,2
Lilllie,"hI6*fQN5{!C~o%g+Sd""Q""g&$",2
Avigdor,"cT7%n_pfO$_ae""vGOh\&<",1
Carin,"xJ3<ZSb|""'=.XC$mUMWwgu",1
Lorrie,nK2)Tj!VQh%PY+vww,2
Guss,"wK3{7Z}j$qI8""",2
Germayne,xO0&@arLs=@#+,1
Jodee,yC1>/8!If}41\D,2
Courtenay,"aW7{\!KWv8Xt""`Q$+Tpq+f",1
Bevvy,kT3?Q3vJFYsIfK>s|SgX,2
Erna,rW1{p}4P5A#=?A,1
Dex,oK8@+7?HvOseqoc$oXdC8S,2
Torrie,hB5~N}F_Yvgnbwo#B<'h,1
Henrie,rE6}jB#MQBIC@SYZAlK(,1
Lucias,hB1_Nnx1B@*vMxF,1
Eugenio,gW5*Pw3fvHRIojZ?F</i&a,1
Meg,"sW6""o!T\#xX|mDIT\3C9Qo}i",2
Sadye,"oB7}""zfS49J75A%PS0+",2
Susana,"jB6""xt%""eyDit@",2
Orbadiah,"fT0#)X,L<a!V",2
Darci,dQ5(`j#R\4NaEM`,1
Cozmo,mZ7?aswqujoh,1
Felita,"qZ3""t(Wc!D,""28O#Oy$vK",1
Jammie,"vH5<SS13""@{$oKV",2
Bunnie,pE1}\Eh6y|9e9Q+RRvETj)80,2
Fletcher,nV1*eKma'FLGZ5,2
Hodge,hZ5~rFUe8@'R)r($,2
Ree,iA4$L=H4ky9$eW/fw,1
Fleur,qY9=<}Q>mVfwO/8`J.s,1
Levy,jC3&Q`@)@W1Z~rdn,2
Grazia,"aJ1=(""GAK1P0T",1
Germaine,pF7+TRSuv0e+\\V&fg~0/k%,1
Nanni,tR9~$3X$ilW?,2
Nealon,"nB0<R*,?MeGI8sN+9tmDen4",2
Gareth,xS9+r{*gy|cQ!,2
Adler,"hH0,{.42T.Q=?S",1
Edin,"nW1/@=j*r)X""Mo4PK",2
Gusella,jQ9\YzMV7#p`X9,2
Raphaela,kP8$jus%wpT{Zj)`sJ<o,2
Hamid,fE3*93>B'JoC9g`8(p,1
Perle,"lS4*z_(V,O$S@V",1
Leighton,vP2(@+CjGuR8Hd@@XO}p\Y.,2
Corabel,xM5(q<)'Ke._)Dq,2
Lissi,kV1\GzR=CG+TrjCS*/j59jm/,1
Roldan,lV9&Gma1=eR`E`htRh~w',2
Zorina,xZ6\|~hNg8sVldN,2
Ewan,"zK2'zMT&N7""F#,&P?O<2*$.",2
Amabel,"pK3@""'dJgNW|v?/\r(}t5q",1
Jase,aJ1\1Q?cMaSGMa5JZZs<v`<,2
Nada,pC3~Oi{mv})=vM2@S,2
Rhett,nI6&E\_qC2*(RXVSJOl|mjM,2
Parsifal,bT9%@|8WElXd@b,1
Shela,eE4#d7h6Ru_a!,1
Joey,vB5=$#71*Q0\Q,1
Eda,"aO6|9Z%PvK@""H9",1
Rickey,iG3&)wDnw1lJs5DO_1,2
Teador,kB5}_Xu5rZhr}aKnkT,1
Reg,uO9*'Ew\(T!E,1
Bamby,sQ0&+yYdrjl+/qVgQCr',1
Maxi,pM1|D4oEup~1#Z$#5ZGN,1
Evan,"gJ4""wHJVak,jup7Q}B#JTwkq",2
Rodger,nS7.9)9U~|oXvVhx}hWu22,2
Jonathon,xZ4>rMseS!lnx,2
Cirilo,bZ0/!M!e9ope\GMK,1
Ede,hR6@?G=hpl*gEC!Zj,1
Gwyn,dL1`4z4WtMl7mgmM,1
Susan,"oE3''w,Cn{8)5HP\/",1
Berk,pP0)IRBO=PCm,1
Daria,fT9$5tZ$WO5+r't0e0?5.,1
Pembroke,dT0/|pToR{{oYXGlW!,2
Gabi,mU7@39El#QB@njpjc&N,2
Leeann,"bP1/,dW!De,52oq>4)",2
Mano,"mL4(au,QSDjzu",1
Clive,"iN2#Z>mM4tpU{1r""<}P",2
Kendricks,gK7`x?P6zRUyh,2
Cole,hZ7$D5SBbf_fY,2
Murry,xO4%JPXN&SmY#Itellc{\wW,2
Cleo,iK3_M>E)EV#>)C>`TDf5n,2
Farly,uY0~_3B&F)K>sx+,1
Ambur,pF0\R*'%#>BV{4,2
Eydie,"mK2\|G,7DS,}dKz{YiUIZ",2
Morly,jK8!Ng=Ws59*kyrzP@D,1
Hailee,zE7<px$<eo{>{3i_!w,2
Katerine,jD4#TrgIqnVA,1
Issy,"uG6/j,S{xdNK_H",2
Agace,rD9\19@'AP2Mr,1
Dara,kR9%0964o}bF0%wB)QoF|cKV,1
Portia,mU9{|Fg$!99j8~&V0,2
Hagan,"hG0""%e*!IFj{z!EI`3$q\1|",2
Chrisse,lP8_'0bX.qz?x&AjJ>V(Kv',1
Henrieta,xN9_bkx'?QiU?ke2#X,1
Koo,"fJ8=Sb*6/Q9Fogm=b=3,#",1
Otho,uL8\fHLyTV{U1j#5,2
Gene,uZ7?C@gItpbTmm4g6!h*\Hy,2
Theressa,"pD0,$Uc.MJ+WM{w",1
Thoma,"mC8,{3Q<*l.Z>uBeas`P",1
Trenna,xO7+8sE4PNWcK#5Hu,2
Steffie,vQ3.nu~I7%|I>I{,1
Art,kJ4{i6VY<Jr`,1
Helge,wX3~3*qniHC'Q),1
Jamill,xY1#6.2LK\Doy8@lx0f,2
Mia,hU4>CpI612o@I5w},2
Rocky,"pW9<""zgeJKmlf9q1eXT",1
Camella,aE6+@PW9}ux\n<,1
Terence,"kQ3&K8""}@fc}\!KTq<9eMu+",2
Ursulina,jX0+/&c2$k77Gwgg2M/d,1
Arabella,rU4=tqR5GO}M9IR,1
Barry,tM9!VG0//Y@Ah$\B,2
Isac,cQ5+IV<DOoQp},1
Frannie,"qN4),YVG@7a1?gIL4.U*w",2
Wendeline,lI4(?(WCM/~o,1
Robbin,"rQ3'Vz'2Y,6.94mdKr,sPa",1
Richmond,oL2/UK`@he}&nj2z\pI,2
Antonino,aT8_rD#0Krk{k``O?),2
Alexine,yI0#@P=g(%FtG=@ijIe,1
Sheila,"bV9)e'f+I!ddy?uW,52cmW",1
Connie,cR2)Eu6'q|/>k_a)jw,1
Stephine,"iU4<n*UNjf`vGkd""g",1
Skipper,wN1|jPgXxaS),2
Karoly,lE2'.`cms%Hp,2
Jinny,aS1`=4!lR/mbV,1
Nehemiah,"pB8,R`gza**/OE@'qjF9b'Wv",2
Felicdad,dB9=yvVnH.ZF+YwGj,2
Daryl,"nG5!i($'80&K61""f",1
Robinet,"pC0/AUQ<w>L)vyYyKFU""H3",2
Ky,tG9<Bl#kXzXAsU,1
Poppy,cU3~f6KYi{.DHORR*NK,2
Vanya,kR6\<}I)`N<$,1
Brandie,iR0%HoG1rF2k?uE,1
Eleonore,mK0_5&Wm)K!?,2
Martelle,bQ0#`/c(oIa&_J=~eM(gAg4*,1
Carlin,fD2=s\$QHt`l2~,1
Micah,"lX6*u7DF,2fqs+|nWS\!",1
Derek,pW9#R5yg3AP6$/,1
Wendel,"uC0}RYi<(bi@oM,JM3v0Mq",2
Denver,"aT5,qtU/+1Nv",1
Shel,yA9?DcotK6~ts~U_a2fC*=Rf,1
Devlin,mY7!lS>W7x4Se16+Z9~3,2
Britney,"wH2>h._QE,5""'1B""w~NV",2
Jenica,"gA2~&F5""`A=nIpjQ00eZ",2
Beauregard,"bN5""T}8J4|1rpm>5&O8Ok`R",2
Manolo,xY9_.H82Pg+0..Klv,2
Orin,"cQ7\T>DDi',N!P",1
Harman,"vX4`z,Eri*Gs=!|>\|9K2",1
Mick,nO4.gkjnBBdycG)5HB2Ei9~C,1
Judah,wE6~lTIe8A\6U,2
Norry,xB5=|$`FEz}uXp\(h,2
Dore,gH2#LEq?{`48\#AQT*r,2
Porter,cU7=6@c9>qNW+=RJYumhF$r,2
Jacintha,wO2_1_?H)tr_t3#3~seQ,2
Arly,aQ8`!cpIJ7rPV?BCEzA7|,2
Karrie,uV8$9!iN8{!{j&CH}%H60i,1
Rivkah,dW7{Fz_.54T\9G=9stK3/@j,2
Antonie,"nZ1|eLO""GsX8",1
Zared,"kN1""`L'088&""M.tLXUZ",1
Auguste,"zK0`a&zWCPR"".)cLFP",1
Sigismundo,"mW6#)__W20{'&K#*W,{`n",2
Panchito,qR0$LSc$kV69VIaWn|#',1
Valentino,"dB6@scwSvj""T>p3Wcd",2
Danyette,oW8*)`J~_>e*C#q*Jg+,2
Cairistiona,"dA5@1AF""!o4Py?SQUzq",1
Esta,"vY4%,O=c'u\R",1
Franky,mM2>l9qd6=W*0?ZDs5CVUnM\,1
Lind,jT6*V0<cm}?xkN`L$T@Ij7U',2
Jourdain,rJ7{z7t0+k(Fl,1
Elsi,fF3#_`vSYwRU_,1
Wendel,sV8/jH\21Cda/XbHp@(#Io,2
Catie,uC1.28RJ>F}GIq<<!3<J,1
Patrica,"qQ2!2M,zC|YZ_",2
Kore,wX0|#__W#(j~?}@}Z,2
Tammi,"oS6.\9e,%bgS|5",1
Lothaire,uH6=}lW5GL4svDS,2
Che,jK4&H57?wPJ*?oAb}ii/a\W,1
Kerwinn,mJ1'g'Cq5qRq\H,1
Lenard,"aM2}""UAoQ,}!",1
Grier,sW1/(f<*41aey2af$t|ph6,2
Dominick,"bZ7,?.CWF!QM9Ua$T!~<YD",1
Jecho,"jF8'""*{REC9i\.NHoL",2
Bernete,"tZ6,ax4.J<o?/gq|64A",2
Lorenza,"eI3+,Yt_?f8a&`PQ,\q'c",1
Svend,yE0'.y\H<&YIj*B0g@Ea,2
Cyrillus,dQ0~s@2W}skV{>za,2
Nehemiah,"lZ4""d9|zk!Nc",2
Zorana,"eV3\a=i""OQY1~",1
Araldo,"nK2{fZz,LIoHH{d}M",1
Win,sQ4{Z=_X}Lp5SXq2,2
Averill,pF3!|0nZ+SbMwZ8,1
Quincy,rZ6/Ldc=%nJ!aTt34~BU,1
Koralle,iX9_6oOq7~B?e$|#F,1
Gerhard,mM9~Z(H(1u<g!)d,1
Kaja,hG3<dfZ_b(f0\Wmo`tys,1
Roseann,nJ0*6gJRK#v8patYO,1
Eddy,mI7=66w7xJ/NNZ,2
Verile,eY4&88eq$ho)bzG'r|w4Y,2
Frederik,oG5`}~zmpud&i,2
Simone,eW8|m@UV=7Go.QzXBIL,2
Gonzalo,vG1<D}bDt0%qfWa5Vk,1
Gawen,lA4~4S(FFglcxO,2
Georgena,wK3(2G(X8iHVuedA|$39Z,1
Lezlie,vS2~ixSKxu\SRJplKEq7,1
Emmet,hM8|QoLmKmF}Q*L)M,1
Myles,"vE8}KfaK""}UObnZW}",1
Charlotta,aK6!sxDN_|aac*Qz,2
Colan,wT1(.w7APAM3%V,1
Chaddy,iS2%$3pli2YK9uU,1
Bax,pM1=D`XlGLe(LKF,2
Danice,mN0%nl{<NdC{)EOT\ggi=,2
Cissy,dP0}@_j>=)(sf,1
Tally,dU8@(+aHx.v4+|,1
Corabel,"xL8/hhM{=(Pa%?4""M9WJ",2
Budd,"xF9|xOxFrV53F0,ql",1
Kessiah,"mR3{_cx(joZm8<,X3",1
Corby,qW1#5TNN$Yryy,2
Valentine,hS7@\s'j3o6rQsRm9ouN,2
Arvin,uX8?Sxd6<(3M?9wFl=O3mV,2
Debera,"aH6=C""2TW+`UEqL",2
Rhona,"bW6,lnzCr|ZrJueq?'",2
Emmett,gW1!Y4Q|vEG~D,2
Calley,tT8\Gv%*LAutXh+lGP?KnA,2
Christophorus,oP9}eoyQHj*t6S#dczw,2
Maryellen,zJ1#J7YhfBWk),2
Leia,sE9$\$nFUqthMVTQs,2
Katharine,zQ5&EQFpY6%sN3&n&6cXBCB_,2
Antone,nK6!4%ywrgBe$VSoKhJmR46w,1
Adolf,kS3#e>})@+6G,1
Reggie,uY0{g)(Np3j)b$5v!x>(t,2
Nelia,"fC1~7Mu$,6PE1~R",1
Jacquetta,dZ4#Xir?+41?C|,2
Burr,"oW5@8""l(zWHE",2
Datha,kB7<imCU'}Nn,1
Randall,wN0|.xhX.oNp)hzU&'~sP5s,2
Cori,sO1\x~*xoMea,2
Edgard,yL1@J5\0p4I2=3KRtG,2
Sabrina,"hO8`mKmU""=>W""_9",2
Lizabeth,"mO5*k<F.3,RB",2
Lee,qP9@@g$T/R%x$7BjnYbTye(,2
Mufinella,tP3<Zd+G>hQwCHTSLX7>JGb?,2
Stephi,"bR9#}$zP,wAE@J/d7y\|l",2
Sanderson,"iI3)>K=T*{n2+2VXy>""Gfkck",2
Em,dI1$\2/hahfWHEF=H)z\B,2
Bartel,qP7_eSeNw8'wzeM,1
Georgeanna,lA7>35!VA0=V@r,1
Esmeralda,"qT2=z}~}4./9""}p,",2
Percy,fN3|WRqK6.)vsIC(SXi3OhH,2
Kaiser,iX1<j)Suq}Y$,1
Jeanie,"oN4}bCoMCI9Qo8B$,@""`icZ",2
Hodge,"lE8|Z*@,v$54LQ",1
De,pE1_.fHikkom',1
Floyd,eG6/YdrBRV_('I.,1
Dorothea,pA8(vR'I{4?}RtuZi@,2
Norman,xE9>v0(/?Yi)},2
Sigismundo,nW5${\23pMK<ST,1
Berti,"yY2""bj_n\D#V_mw",2
Delcina,sF4'0|0hm7Wwm'.EgII|,2
Bernardine,hG0@Av|k_0ma,2
Ardella,gO5<aTUDYw@>c8p04)6,2
Karlen,"pD3|.Ifz1""2hVhI.W'vMs",2
Hasty,cS7=e1/w0p>lJKNnfoTMC~,2
Jens,"dJ9@5qyZ.M8d@,Tl6QZcj&",2
Klement,zF8'x)a)RZcdR4x,2
Winn,"cK8(qq""'4(C7<p3rR#i8ol'",1
Gaby,jJ9*!&>W0JqIMGL7A\UynK>1,2
Perice,sU4\>Q|D'Rn+,1
Tracy,"bZ7`YK+DQyz""",2
Clifford,oD5|TvkctnI/FUWTov0`rJDl,1
Lou,bC5*Gb@q#4b8E,2
Melli,zY7}4U`$<TPs`6~q.}$,2
Lorens,yZ0{R)6d9<|EF+EK!VQ2,1
Tabbitha,hT1@g5a?&/C00,1
Hester,qM8!>254@KKup,1
Wendy,uG7)VeJhPKC+#9)zQ,2
Nerte,bL6/azp_\Az((i,1
Rawley,wQ2&4y5Nq`5N~iH=\L(,2
Nyssa,"aL7?SJ$Lz""z7k%|GAe{9}Sqz",1
Geoffrey,xE7%e{{ml(27bnlo,2
Constantin,"xX8=L@t#wcq|""",1
Renell,"xM0'78ZmY|,DKi",2
Stanley,"zA6|1({F=h,UzGSz%>5V(Z\",1
Hurleigh,bV8}QwzVEYU&,2
Poppy,uQ7$swZ=C*mlQ!Jwf8\Y,1
Humfrey,jI0}4nQ5RuMW}uS5jtqX%#,2
Jasmine,bH1)ylUP\{tzO'r,2
Lindon,tX9=hVGUDI8<#zlpdFA)7,2
Spencer,oF7$@+iPoxaMd,2
